"","Brand","Gender","Age"
"1","M1","M",24
"2","M1","M",26
"3","M1","M",26
"4","M1","F",27
"5","M1","F",27
"6","M1","M",27
"7","M1","M",27
"8","M1","F",27
"9","M1","M",27
"10","M1","M",27
"11","M1","F",27
"12","M1","F",28
"13","M1","M",28
"14","M1","M",28
"15","M1","M",28
"16","M1","M",28
"17","M1","F",28
"18","M1","F",28
"19","M1","F",28
"20","M1","F",28
"21","M1","F",28
"22","M1","F",29
"23","M1","F",29
"24","M1","F",29
"25","M1","F",29
"26","M1","F",29
"27","M1","M",29
"28","M1","M",29
"29","M1","M",29
"30","M1","F",29
"31","M1","M",29
"32","M1","M",29
"33","M1","F",29
"34","M1","M",29
"35","M1","M",29
"36","M1","M",30
"37","M1","M",30
"38","M1","F",30
"39","M1","F",30
"40","M1","F",30
"41","M1","F",30
"42","M1","F",30
"43","M1","F",30
"44","M1","F",30
"45","M1","F",30
"46","M1","F",30
"47","M1","F",30
"48","M1","M",30
"49","M1","F",31
"50","M1","M",31
"51","M1","M",31
"52","M1","M",31
"53","M1","M",31
"54","M1","F",31
"55","M1","M",31
"56","M1","F",31
"57","M1","F",31
"58","M1","M",31
"59","M1","F",31
"60","M1","M",31
"61","M1","F",31
"62","M1","M",31
"63","M1","M",31
"64","M1","M",31
"65","M1","F",31
"66","M1","F",31
"67","M1","F",31
"68","M1","F",32
"69","M1","F",32
"70","M1","M",32
"71","M1","F",32
"72","M1","F",32
"73","M1","F",32
"74","M1","F",32
"75","M1","F",32
"76","M1","F",32
"77","M1","F",32
"78","M1","F",32
"79","M1","F",32
"80","M1","M",32
"81","M1","M",32
"82","M1","F",32
"83","M1","F",32
"84","M1","M",32
"85","M1","F",32
"86","M1","F",32
"87","M1","F",32
"88","M1","F",32
"89","M1","M",32
"90","M1","F",32
"91","M1","F",32
"92","M1","F",32
"93","M1","M",32
"94","M1","F",32
"95","M1","M",32
"96","M1","F",32
"97","M1","F",32
"98","M1","F",32
"99","M1","F",32
"100","M1","M",32
"101","M1","M",32
"102","M1","M",32
"103","M1","F",32
"104","M1","F",32
"105","M1","M",32
"106","M1","F",32
"107","M1","M",32
"108","M1","F",32
"109","M1","M",32
"110","M1","F",32
"111","M1","F",32
"112","M1","F",32
"113","M1","F",32
"114","M1","F",32
"115","M1","M",32
"116","M1","F",32
"117","M1","M",32
"118","M1","M",32
"119","M1","M",32
"120","M1","F",32
"121","M1","F",32
"122","M1","F",32
"123","M1","F",32
"124","M1","M",32
"125","M1","F",32
"126","M1","M",32
"127","M1","F",32
"128","M1","M",32
"129","M1","M",32
"130","M1","M",32
"131","M1","F",32
"132","M1","F",32
"133","M1","F",32
"134","M1","F",32
"135","M1","M",32
"136","M1","M",32
"137","M1","M",32
"138","M1","F",32
"139","M1","M",32
"140","M1","M",32
"141","M1","F",32
"142","M1","M",32
"143","M1","M",32
"144","M1","M",32
"145","M1","F",32
"146","M1","M",32
"147","M1","M",32
"148","M1","M",32
"149","M1","M",32
"150","M1","F",32
"151","M1","M",32
"152","M1","F",32
"153","M1","F",32
"154","M1","M",32
"155","M1","M",32
"156","M1","M",32
"157","M1","M",32
"158","M1","F",32
"159","M1","F",32
"160","M1","M",32
"161","M1","M",32
"162","M1","M",32
"163","M1","F",32
"164","M1","F",32
"165","M1","M",32
"166","M1","F",32
"167","M1","F",32
"168","M1","M",32
"169","M1","F",32
"170","M1","F",32
"171","M1","M",32
"172","M1","F",32
"173","M1","M",32
"174","M1","M",32
"175","M1","M",32
"176","M1","F",32
"177","M1","F",32
"178","M1","F",33
"179","M1","F",33
"180","M1","M",33
"181","M1","M",33
"182","M1","M",33
"183","M1","M",33
"184","M1","F",33
"185","M1","F",34
"186","M1","M",34
"187","M1","M",34
"188","M1","F",34
"189","M1","F",34
"190","M1","F",34
"191","M1","F",34
"192","M1","M",34
"193","M1","F",34
"194","M1","M",34
"195","M1","F",35
"196","M1","F",36
"197","M1","F",36
"198","M1","M",36
"199","M1","F",36
"200","M1","F",36
"201","M1","F",36
"202","M1","M",36
"203","M1","F",36
"204","M1","M",36
"205","M1","M",36
"206","M1","M",37
"207","M1","F",38
"208","M2","F",28
"209","M2","F",28
"210","M2","F",29
"211","M2","F",29
"212","M2","M",29
"213","M2","F",29
"214","M2","F",29
"215","M2","F",30
"216","M2","F",30
"217","M2","F",30
"218","M2","M",30
"219","M2","M",30
"220","M2","F",30
"221","M2","F",31
"222","M2","M",31
"223","M2","F",31
"224","M2","F",31
"225","M2","F",31
"226","M2","M",31
"227","M2","M",31
"228","M2","F",31
"229","M2","F",31
"230","M2","F",31
"231","M2","M",31
"232","M2","F",31
"233","M2","F",31
"234","M2","M",31
"235","M2","M",32
"236","M2","F",32
"237","M2","M",32
"238","M2","M",32
"239","M2","F",32
"240","M2","F",32
"241","M2","F",32
"242","M2","F",32
"243","M2","F",32
"244","M2","M",32
"245","M2","F",32
"246","M2","F",32
"247","M2","F",32
"248","M2","F",32
"249","M2","M",32
"250","M2","F",32
"251","M2","F",32
"252","M2","F",32
"253","M2","M",32
"254","M2","F",32
"255","M2","F",32
"256","M2","F",32
"257","M2","F",32
"258","M2","F",32
"259","M2","F",32
"260","M2","F",32
"261","M2","M",32
"262","M2","M",32
"263","M2","M",32
"264","M2","M",32
"265","M2","F",32
"266","M2","F",32
"267","M2","F",32
"268","M2","M",32
"269","M2","F",32
"270","M2","M",32
"271","M2","F",32
"272","M2","F",32
"273","M2","F",32
"274","M2","F",32
"275","M2","F",32
"276","M2","F",32
"277","M2","F",32
"278","M2","F",32
"279","M2","F",32
"280","M2","F",32
"281","M2","M",32
"282","M2","F",32
"283","M2","M",32
"284","M2","F",32
"285","M2","M",32
"286","M2","M",32
"287","M2","F",32
"288","M2","F",32
"289","M2","F",32
"290","M2","M",32
"291","M2","M",32
"292","M2","F",32
"293","M2","M",32
"294","M2","M",32
"295","M2","F",32
"296","M2","F",32
"297","M2","F",32
"298","M2","M",32
"299","M2","M",32
"300","M2","F",32
"301","M2","F",32
"302","M2","F",32
"303","M2","M",32
"304","M2","M",32
"305","M2","M",32
"306","M2","F",32
"307","M2","F",32
"308","M2","M",32
"309","M2","F",32
"310","M2","F",32
"311","M2","F",32
"312","M2","M",32
"313","M2","F",32
"314","M2","F",32
"315","M2","F",32
"316","M2","F",32
"317","M2","F",32
"318","M2","M",32
"319","M2","F",32
"320","M2","F",32
"321","M2","M",32
"322","M2","M",32
"323","M2","F",32
"324","M2","M",32
"325","M2","M",32
"326","M2","F",32
"327","M2","F",32
"328","M2","F",32
"329","M2","M",32
"330","M2","F",32
"331","M2","F",32
"332","M2","F",32
"333","M2","F",32
"334","M2","F",32
"335","M2","F",32
"336","M2","M",32
"337","M2","F",32
"338","M2","M",32
"339","M2","M",32
"340","M2","F",32
"341","M2","M",32
"342","M2","F",32
"343","M2","F",32
"344","M2","M",32
"345","M2","F",32
"346","M2","F",32
"347","M2","F",32
"348","M2","F",32
"349","M2","M",32
"350","M2","F",32
"351","M2","F",32
"352","M2","F",32
"353","M2","F",32
"354","M2","F",32
"355","M2","F",32
"356","M2","F",32
"357","M2","F",32
"358","M2","F",32
"359","M2","F",32
"360","M2","F",32
"361","M2","F",32
"362","M2","M",32
"363","M2","M",32
"364","M2","F",32
"365","M2","F",32
"366","M2","F",32
"367","M2","F",32
"368","M2","F",32
"369","M2","M",32
"370","M2","F",32
"371","M2","F",32
"372","M2","F",32
"373","M2","M",32
"374","M2","M",32
"375","M2","F",32
"376","M2","F",32
"377","M2","F",32
"378","M2","M",32
"379","M2","F",32
"380","M2","M",32
"381","M2","F",32
"382","M2","F",32
"383","M2","M",32
"384","M2","F",32
"385","M2","F",32
"386","M2","F",32
"387","M2","M",32
"388","M2","F",32
"389","M2","F",32
"390","M2","F",32
"391","M2","F",32
"392","M2","F",32
"393","M2","F",32
"394","M2","F",32
"395","M2","F",32
"396","M2","F",32
"397","M2","M",32
"398","M2","F",32
"399","M2","M",32
"400","M2","M",32
"401","M2","F",32
"402","M2","F",32
"403","M2","M",33
"404","M2","F",33
"405","M2","F",33
"406","M2","F",33
"407","M2","F",33
"408","M2","F",33
"409","M2","F",33
"410","M2","M",33
"411","M2","M",33
"412","M2","F",33
"413","M2","F",33
"414","M2","F",33
"415","M2","F",33
"416","M2","F",33
"417","M2","F",33
"418","M2","F",33
"419","M2","F",33
"420","M2","F",33
"421","M2","F",33
"422","M2","F",33
"423","M2","F",33
"424","M2","F",33
"425","M2","M",33
"426","M2","M",33
"427","M2","F",33
"428","M2","F",33
"429","M2","F",33
"430","M2","M",33
"431","M2","F",33
"432","M2","M",33
"433","M2","M",33
"434","M2","M",33
"435","M2","F",34
"436","M2","F",34
"437","M2","M",34
"438","M2","F",34
"439","M2","M",34
"440","M2","F",34
"441","M2","M",34
"442","M2","M",34
"443","M2","F",34
"444","M2","F",34
"445","M2","F",34
"446","M2","M",34
"447","M2","M",34
"448","M2","F",34
"449","M2","M",34
"450","M2","F",34
"451","M2","M",34
"452","M2","M",34
"453","M2","F",34
"454","M2","M",34
"455","M2","F",34
"456","M2","F",34
"457","M2","F",34
"458","M2","F",34
"459","M2","F",34
"460","M2","M",34
"461","M2","F",34
"462","M2","M",34
"463","M2","M",34
"464","M2","M",35
"465","M2","F",35
"466","M2","F",35
"467","M2","F",35
"468","M2","M",35
"469","M2","F",35
"470","M2","F",35
"471","M2","F",35
"472","M2","F",36
"473","M2","M",36
"474","M2","F",36
"475","M2","F",36
"476","M2","F",36
"477","M2","F",36
"478","M2","F",36
"479","M2","M",36
"480","M2","F",36
"481","M2","M",36
"482","M2","F",36
"483","M2","F",36
"484","M2","F",36
"485","M2","M",36
"486","M2","F",36
"487","M2","M",36
"488","M2","F",36
"489","M2","M",36
"490","M2","M",36
"491","M2","F",36
"492","M2","F",36
"493","M2","M",36
"494","M2","M",36
"495","M2","F",36
"496","M2","F",36
"497","M2","F",36
"498","M2","M",36
"499","M2","F",36
"500","M2","F",36
"501","M2","M",37
"502","M2","F",37
"503","M2","F",37
"504","M2","F",37
"505","M2","F",37
"506","M2","F",37
"507","M2","M",38
"508","M2","M",38
"509","M2","F",38
"510","M2","M",38
"511","M2","M",38
"512","M2","F",38
"513","M2","M",38
"514","M2","F",38
